<?xml version="1.0" encoding="UTF-8" ?>
<!DOCTYPE mapper
PUBLIC "-//mybatis.org//DTD Mapper 3.0//EN"
"http://mybatis.org/dtd/mybatis-3-mapper.dtd">
<mapper namespace="com.farm.data.mapper.PestPhotosMapper">
    
    <resultMap type="PestPhotos" id="PestPhotosResult">
        <result property="photoId"    column="photo_id"    />
        <result property="photoPath"    column="photo_path"    />
        <result property="captureTime"    column="capture_time"    />
        <result property="status"    column="status"    />
        <result property="createTime"    column="create_time"    />
        <result property="updateTime"    column="update_time"    />
        <result property="createBy"    column="create_by"    />
        <result property="updateBy"    column="update_by"    />
    </resultMap>

    <sql id="selectPestPhotosVo">
        select photo_id, photo_path, capture_time, status, create_time, update_time, create_by, update_by from agri_pest_photos
    </sql>

    <select id="selectPestPhotosList" parameterType="PestPhotos" resultMap="PestPhotosResult">
        <include refid="selectPestPhotosVo"/>
        <where>  
            <if test="status != null "> and status = #{status}</if>
        </where>
    </select>
    
    <select id="selectPestPhotosByPhotoId" parameterType="Long" resultMap="PestPhotosResult">
        <include refid="selectPestPhotosVo"/>
        where photo_id = #{photoId}
    </select>

    <insert id="insertPestPhotos" parameterType="PestPhotos" useGeneratedKeys="true" keyProperty="photoId">
        insert into agri_pest_photos
        <trim prefix="(" suffix=")" suffixOverrides=",">
            <if test="photoPath != null and photoPath != ''">photo_path,</if>
            <if test="captureTime != null">capture_time,</if>
            <if test="status != null">status,</if>
            <if test="createTime != null">create_time,</if>
            <if test="updateTime != null">update_time,</if>
            <if test="createBy != null">create_by,</if>
            <if test="updateBy != null">update_by,</if>
         </trim>
        <trim prefix="values (" suffix=")" suffixOverrides=",">
            <if test="photoPath != null and photoPath != ''">#{photoPath},</if>
            <if test="captureTime != null">#{captureTime},</if>
            <if test="status != null">#{status},</if>
            <if test="createTime != null">#{createTime},</if>
            <if test="updateTime != null">#{updateTime},</if>
            <if test="createBy != null">#{createBy},</if>
            <if test="updateBy != null">#{updateBy},</if>
         </trim>
    </insert>

    <update id="updatePestPhotos" parameterType="PestPhotos">
        update agri_pest_photos
        <trim prefix="SET" suffixOverrides=",">
            <if test="photoPath != null and photoPath != ''">photo_path = #{photoPath},</if>
            <if test="captureTime != null">capture_time = #{captureTime},</if>
            <if test="status != null">status = #{status},</if>
            <if test="createTime != null">create_time = #{createTime},</if>
            <if test="updateTime != null">update_time = #{updateTime},</if>
            <if test="createBy != null">create_by = #{createBy},</if>
            <if test="updateBy != null">update_by = #{updateBy},</if>
        </trim>
        where photo_id = #{photoId}
    </update>

    <delete id="deletePestPhotosByPhotoId" parameterType="Long">
        delete from agri_pest_photos where photo_id = #{photoId}
    </delete>

    <delete id="deletePestPhotosByPhotoIds" parameterType="String">
        delete from agri_pest_photos where photo_id in 
        <foreach item="photoId" collection="array" open="(" separator="," close=")">
            #{photoId}
        </foreach>
    </delete>
</mapper>