<?xml version="1.0" encoding="UTF-8" ?>
<!DOCTYPE mapper
PUBLIC "-//mybatis.org//DTD Mapper 3.0//EN"
"http://mybatis.org/dtd/mybatis-3-mapper.dtd">
<mapper namespace="com.farm.manage.mapper.MaterialTypeMapper">
    
    <resultMap type="MaterialType" id="MaterialTypeResult">
        <result property="materialTypeId"    column="material_type_id"    />
        <result property="materialTypeName"    column="material_type_name"    />
        <result property="remark"    column="remark"    />
        <result property="status"    column="status"    />
        <result property="orderNum"    column="order_num"    />
        <result property="createBy"    column="create_by"    />
        <result property="createTime"    column="create_time"    />
        <result property="updateBy"    column="update_by"    />
        <result property="updateTime"    column="update_time"    />
        <result property="delFlag"    column="del_flag"    />
    </resultMap>

    <sql id="selectMaterialTypeVo">
        select material_type_id, material_type_name, remark, status, order_num, create_by, create_time, update_by, update_time, del_flag from agri_material_type
    </sql>

    <select id="selectMaterialTypeList" parameterType="MaterialType" resultMap="MaterialTypeResult">
        <include refid="selectMaterialTypeVo"/>
        <where>  
            <if test="materialTypeName != null  and materialTypeName != ''"> and material_type_name like concat('%', #{materialTypeName}, '%')</if>
            <if test="remark != null  and remark != ''"> and remark = #{remark}</if>
        </where>
    </select>
    
    <select id="selectMaterialTypeByMaterialTypeId" parameterType="Long" resultMap="MaterialTypeResult">
        <include refid="selectMaterialTypeVo"/>
        where material_type_id = #{materialTypeId}
    </select>

    <insert id="insertMaterialType" parameterType="MaterialType" useGeneratedKeys="true" keyProperty="materialTypeId">
        insert into agri_material_type
        <trim prefix="(" suffix=")" suffixOverrides=",">
            <if test="materialTypeName != null and materialTypeName != ''">material_type_name,</if>
            <if test="remark != null and remark != ''">remark,</if>
            <if test="status != null">status,</if>
            <if test="orderNum != null">order_num,</if>
            <if test="createBy != null">create_by,</if>
            <if test="createTime != null">create_time,</if>
            <if test="updateBy != null">update_by,</if>
            <if test="updateTime != null">update_time,</if>
            <if test="delFlag != null">del_flag,</if>
         </trim>
        <trim prefix="values (" suffix=")" suffixOverrides=",">
            <if test="materialTypeName != null and materialTypeName != ''">#{materialTypeName},</if>
            <if test="remark != null and remark != ''">#{remark},</if>
            <if test="status != null">#{status},</if>
            <if test="orderNum != null">#{orderNum},</if>
            <if test="createBy != null">#{createBy},</if>
            <if test="createTime != null">#{createTime},</if>
            <if test="updateBy != null">#{updateBy},</if>
            <if test="updateTime != null">#{updateTime},</if>
            <if test="delFlag != null">#{delFlag},</if>
         </trim>
    </insert>

    <update id="updateMaterialType" parameterType="MaterialType">
        update agri_material_type
        <trim prefix="SET" suffixOverrides=",">
            <if test="materialTypeName != null and materialTypeName != ''">material_type_name = #{materialTypeName},</if>
            <if test="remark != null and remark != ''">remark = #{remark},</if>
            <if test="status != null">status = #{status},</if>
            <if test="orderNum != null">order_num = #{orderNum},</if>
            <if test="createBy != null">create_by = #{createBy},</if>
            <if test="createTime != null">create_time = #{createTime},</if>
            <if test="updateBy != null">update_by = #{updateBy},</if>
            <if test="updateTime != null">update_time = #{updateTime},</if>
            <if test="delFlag != null">del_flag = #{delFlag},</if>
        </trim>
        where material_type_id = #{materialTypeId}
    </update>

    <delete id="deleteMaterialTypeByMaterialTypeId" parameterType="Long">
        delete from agri_material_type where material_type_id = #{materialTypeId}
    </delete>

    <delete id="deleteMaterialTypeByMaterialTypeIds" parameterType="String">
        delete from agri_material_type where material_type_id in 
        <foreach item="materialTypeId" collection="array" open="(" separator="," close=")">
            #{materialTypeId}
        </foreach>
    </delete>
</mapper>