<?xml version="1.0" encoding="UTF-8" ?>
<!DOCTYPE mapper
PUBLIC "-//mybatis.org//DTD Mapper 3.0//EN"
"http://mybatis.org/dtd/mybatis-3-mapper.dtd">
<mapper namespace="com.farm.data.mapper.DocumentsMapper">
    
    <resultMap type="Documents" id="DocumentsResult">
        <result property="documentId"    column="document_id"    />
        <result property="documentTypeId"    column="document_type_id"    />
        <result property="title"    column="title"    />
        <result property="filePath"    column="file_path"    />
        <result property="createTime"    column="create_time"    />
        <result property="updateTime"    column="update_time"    />
        <result property="createBy"    column="create_by"    />
        <result property="updateBy"    column="update_by"    />
        <result property="remark"    column="remark"    />
    </resultMap>

    <sql id="selectDocumentsVo">
        select document_id, document_type_id, title, file_path, create_time, update_time, create_by, update_by, remark from agri_documents
    </sql>

    <select id="selectDocumentsList" parameterType="Documents" resultMap="DocumentsResult">
        <include refid="selectDocumentsVo"/>
        <where>  
            <if test="title != null  and title != ''"> and title = #{title}</if>
        </where>
    </select>
    
    <select id="selectDocumentsByDocumentId" parameterType="Long" resultMap="DocumentsResult">
        <include refid="selectDocumentsVo"/>
        where document_id = #{documentId}
    </select>

    <insert id="insertDocuments" parameterType="Documents" useGeneratedKeys="true" keyProperty="documentId">
        insert into agri_documents
        <trim prefix="(" suffix=")" suffixOverrides=",">
            <if test="documentTypeId != null">document_type_id,</if>
            <if test="title != null and title != ''">title,</if>
            <if test="filePath != null and filePath != ''">file_path,</if>
            <if test="createTime != null">create_time,</if>
            <if test="updateTime != null">update_time,</if>
            <if test="createBy != null">create_by,</if>
            <if test="updateBy != null">update_by,</if>
            <if test="remark != null">remark,</if>
         </trim>
        <trim prefix="values (" suffix=")" suffixOverrides=",">
            <if test="documentTypeId != null">#{documentTypeId},</if>
            <if test="title != null and title != ''">#{title},</if>
            <if test="filePath != null and filePath != ''">#{filePath},</if>
            <if test="createTime != null">#{createTime},</if>
            <if test="updateTime != null">#{updateTime},</if>
            <if test="createBy != null">#{createBy},</if>
            <if test="updateBy != null">#{updateBy},</if>
            <if test="remark != null">#{remark},</if>
         </trim>
    </insert>

    <update id="updateDocuments" parameterType="Documents">
        update agri_documents
        <trim prefix="SET" suffixOverrides=",">
            <if test="documentTypeId != null">document_type_id = #{documentTypeId},</if>
            <if test="title != null and title != ''">title = #{title},</if>
            <if test="filePath != null and filePath != ''">file_path = #{filePath},</if>
            <if test="createTime != null">create_time = #{createTime},</if>
            <if test="updateTime != null">update_time = #{updateTime},</if>
            <if test="createBy != null">create_by = #{createBy},</if>
            <if test="updateBy != null">update_by = #{updateBy},</if>
            <if test="remark != null">remark = #{remark},</if>
        </trim>
        where document_id = #{documentId}
    </update>

    <delete id="deleteDocumentsByDocumentId" parameterType="Long">
        delete from agri_documents where document_id = #{documentId}
    </delete>

    <delete id="deleteDocumentsByDocumentIds" parameterType="String">
        delete from agri_documents where document_id in 
        <foreach item="documentId" collection="array" open="(" separator="," close=")">
            #{documentId}
        </foreach>
    </delete>
</mapper>